SA2_CODE_2021,SA2_NAME_2021,SA3_CODE_2021,SA3_NAME_2021,SA4_CODE_2021,SA4_NAME_2021,LGA_CODE_2021,LGA_NAME_2021
318021489,Townsville - South,31802,Townsville,318,Townsville,37010,Townsville (C)
315031408,Barcaldine - Blackall,31503,Outback - South,315,Queensland - Outback,30410,Barcaldine (R)
306051166,Atherton,30605,Tablelands (East) - Kuranda,306,Cairns,36820,Tablelands (R)
306051169,Malanda - Yungaburra,30605,Tablelands (East) - Kuranda,306,Cairns,36820,Tablelands (R)
315011395,Aurukun,31501,Far North,315,Queensland - Outback,30250,Aurukun (S)
315011402,Torres Strait Islands,31501,Far North,315,Queensland - Outback,36960,Torres Strait Island (R)
315011401,Torres,31501,Far North,315,Queensland - Outback,36950,Torres (S)
307011171,Balonne,30701,Darling Downs (West) - Maranoa,307,Darling Downs - Maranoa,30300,Balonne (S)
315011399,Northern Peninsula,31501,Far North,315,Queensland - Outback,35780,Northern Peninsula Area (R)
308041528,Banana,30804,Biloela,308,Central Queensland,30370,Banana (S)
308041529,Biloela,30804,Biloela,308,Central Queensland,30370,Banana (S)
315031410,Far Central West,31503,Outback - South,315,Queensland - Outback,30450,Barcoo (S)
308011191,Central Highlands - West,30801,Central Highlands (Qld),308,Central Queensland,32270,Central Highlands (R)
311041570,Jimboomba - Glenlogan,31104,Jimboomba,311,Logan - Beaudesert,34590,Logan (C)
311031318,Munruben - Park Ridge South,31103,Browns Plains,311,Logan - Beaudesert,34590,Logan (C)
311041568,Flagstone (West) - New Beith,31104,Jimboomba,311,Logan - Beaudesert,34590,Logan (C)
311041569,Greenbank - North Maclean,31104,Jimboomba,311,Logan - Beaudesert,34590,Logan (C)
311031313,Chambers Flat - Logan Reserve,31103,Browns Plains,311,Logan - Beaudesert,34590,Logan (C)
311041322,Logan Village,31104,Jimboomba,311,Logan - Beaudesert,34590,Logan (C)
311041567,Flagstone (East) - Riverbend,31104,Jimboomba,311,Logan - Beaudesert,34590,Logan (C)
311041571,Yarrabilba,31104,Jimboomba,311,Logan - Beaudesert,34590,Logan (C)
309041242,Tamborine - Canungra,30904,Gold Coast Hinterland,309,Gold Coast,36510,Scenic Rim (R)
311011305,Beaudesert,31101,Beaudesert,311,Logan - Beaudesert,36510,Scenic Rim (R)
310021277,Boonah,31002,Ipswich Hinterland,310,Ipswich,36510,Scenic Rim (R)
312011339,Clermont,31201,Bowen Basin - North,312,Mackay - Isaac - Whitsunday,33980,Isaac (R)
312011341,Moranbah,31201,Bowen Basin - North,312,Mackay - Isaac - Whitsunday,33980,Isaac (R)
307011177,Roma Surrounds,30701,Darling Downs (West) - Maranoa,307,Darling Downs - Maranoa,34860,Maranoa (R)
319021503,Gayndah - Mundubbera,31902,Burnett,319,Wide Bay,35760,North Burnett (R)
315031408,Barcaldine - Blackall,31503,Outback - South,315,Queensland - Outback,30760,Blackall-Tambo (R)
315031410,Far Central West,31503,Outback - South,315,Queensland - Outback,30900,Boulia (S)
312011337,Bowen,31201,Bowen Basin - North,312,Mackay - Isaac - Whitsunday,37340,Whitsunday (R)
312011340,Collinsville,31201,Bowen Basin - North,312,Mackay - Isaac - Whitsunday,37340,Whitsunday (R)
303051076,Rocklea - Acacia Ridge,30305,Rocklea - Acacia Ridge,303,Brisbane - South,31000,Brisbane (C)
305031119,Albion,30503,Brisbane Inner - North,305,Brisbane Inner City,31000,Brisbane (C)
305031120,Alderley,30503,Brisbane Inner - North,305,Brisbane Inner City,31000,Brisbane (C)
303051072,Algester,30305,Rocklea - Acacia Ridge,303,Brisbane - South,31000,Brisbane (C)
303051073,Calamvale - Stretton,30305,Rocklea - Acacia Ridge,303,Brisbane - South,31000,Brisbane (C)
303021052,Annerley,30302,Holland Park - Yeronga,303,Brisbane - South,31000,Brisbane (C)
304021091,Pinjarra Hills - Pullenvale,30402,Kenmore - Brookfield - Moggill,304,Brisbane - West,31000,Brisbane (C)
305031121,Ascot,30503,Brisbane Inner - North,305,Brisbane Inner City,31000,Brisbane (C)
305031122,Clayfield,30503,Brisbane Inner - North,305,Brisbane Inner City,31000,Brisbane (C)
305041132,Ashgrove,30504,Brisbane Inner - West,305,Brisbane Inner City,31000,Brisbane (C)
302021027,Aspley,30202,Chermside,302,Brisbane - North,31000,Brisbane (C)
302011022,Bald Hills,30201,Bald Hills - Everton Park,302,Brisbane - North,31000,Brisbane (C)
302041041,Bracken Ridge,30204,Sandgate,302,Brisbane - North,31000,Brisbane (C)
302011023,Bridgeman Downs,30201,Bald Hills - Everton Park,302,Brisbane - North,31000,Brisbane (C)
305021113,Balmoral,30502,Brisbane Inner - East,305,Brisbane Inner City,31000,Brisbane (C)
302031039,Nudgee - Banyo,30203,Nundah,302,Brisbane - North,31000,Brisbane (C)
305041134,Bardon,30504,Brisbane Inner - West,305,Brisbane Inner City,31000,Brisbane (C)
304021086,Bellbowrie - Moggill,30402,Kenmore - Brookfield - Moggill,304,Brisbane - West,31000,Brisbane (C)
301011002,Belmont - Gumdale,30101,Capalaba,301,Brisbane - East,31000,Brisbane (C)
303031064,Rochedale - Burbank,30303,Mt Gravatt,303,Brisbane - South,31000,Brisbane (C)
302031035,Boondall,30203,Nundah,302,Brisbane - North,31000,Brisbane (C)
305031128,Newstead - Bowen Hills,30503,Brisbane Inner - North,305,Brisbane Inner City,31000,Brisbane (C)
302041042,Brighton (Qld),30204,Sandgate,302,Brisbane - North,31000,Brisbane (C)
304021087,Brookfield - Kenmore Hills,30402,Kenmore - Brookfield - Moggill,304,Brisbane - West,31000,Brisbane (C)
304041099,Enoggera Reservoir,30404,The Gap - Enoggera,304,Brisbane - West,31000,Brisbane (C)
305021114,Bulimba,30502,Brisbane Inner - East,305,Brisbane Inner City,31000,Brisbane (C)
305021116,Hawthorne,30502,Brisbane Inner - East,305,Brisbane Inner City,31000,Brisbane (C)
303011047,Camp Hill,30301,Carindale,303,Brisbane - South,31000,Brisbane (C)
305021117,Morningside - Seven Hills,30502,Brisbane Inner - East,305,Brisbane Inner City,31000,Brisbane (C)
303011048,Cannon Hill,30301,Carindale,303,Brisbane - South,31000,Brisbane (C)
301031017,Murarrie,30103,Wynnum - Manly,301,Brisbane - East,31000,Brisbane (C)
303011051,Carindale,30301,Carindale,303,Brisbane - South,31000,Brisbane (C)
303011049,Carina,30301,Carindale,303,Brisbane - South,31000,Brisbane (C)
303011050,Carina Heights,30301,Carindale,303,Brisbane - South,31000,Brisbane (C)
302011024,Carseldine,30201,Bald Hills - Everton Park,302,Brisbane - North,31000,Brisbane (C)
304021088,Chapel Hill,30402,Kenmore - Brookfield - Moggill,304,Brisbane - West,31000,Brisbane (C)
304031092,Chelmer - Graceville,30403,Sherwood - Indooroopilly,304,Brisbane - West,31000,Brisbane (C)
302021028,Chermside,30202,Chermside,302,Brisbane - North,31000,Brisbane (C)
302021029,Chermside West,30202,Chermside,302,Brisbane - North,31000,Brisbane (C)
305011105,Brisbane City,30501,Brisbane Inner,305,Brisbane Inner City,31000,Brisbane (C)
303041067,Coopers Plains,30304,Nathan,303,Brisbane - South,31000,Brisbane (C)
303021053,Coorparoo,30302,Holland Park - Yeronga,303,Brisbane - South,31000,Brisbane (C)
304031093,Corinda,30403,Sherwood - Indooroopilly,304,Brisbane - West,31000,Brisbane (C)
310011271,Darra - Sumner,31001,Forest Lake - Oxley,310,Ipswich,31000,Brisbane (C)
302041043,Deagon,30204,Sandgate,302,Brisbane - North,31000,Brisbane (C)
310011564,Forest Lake - Ellen Grove,31001,Forest Lake - Oxley,310,Ipswich,31000,Brisbane (C)
310011563,Doolandella,31001,Forest Lake - Oxley,310,Ipswich,31000,Brisbane (C)
310011272,Durack,31001,Forest Lake - Oxley,310,Ipswich,31000,Brisbane (C)
303021054,Fairfield - Dutton Park,30302,Holland Park - Yeronga,303,Brisbane - South,31000,Brisbane (C)
305021115,East Brisbane,30502,Brisbane Inner - East,305,Brisbane Inner City,31000,Brisbane (C)
303021058,Woolloongabba,30302,Holland Park - Yeronga,303,Brisbane - South,31000,Brisbane (C)
303031060,Eight Mile Plains,30303,Mt Gravatt,303,Brisbane - South,31000,Brisbane (C)
304041098,Enoggera,30404,The Gap - Enoggera,304,Brisbane - West,31000,Brisbane (C)
302011025,Everton Park,30201,Bald Hills - Everton Park,302,Brisbane - North,31000,Brisbane (C)
304041104,Upper Kedron - Ferny Grove,30404,The Gap - Enoggera,304,Brisbane - West,31000,Brisbane (C)
304021089,Fig Tree Pocket,30402,Kenmore - Brookfield - Moggill,304,Brisbane - West,31000,Brisbane (C)
305011106,Fortitude Valley,30501,Brisbane Inner,305,Brisbane Inner City,31000,Brisbane (C)
305011109,New Farm,30501,Brisbane Inner,305,Brisbane Inner City,31000,Brisbane (C)
302021030,Geebung,30202,Chermside,302,Brisbane - North,31000,Brisbane (C)
305031123,Grange,30503,Brisbane Inner - North,305,Brisbane Inner City,31000,Brisbane (C)
303021055,Greenslopes,30302,Holland Park - Yeronga,303,Brisbane - South,31000,Brisbane (C)
305031124,Hamilton (Qld),30503,Brisbane Inner - North,305,Brisbane Inner City,31000,Brisbane (C)
302031037,Eagle Farm - Pinkenba,30203,Nundah,302,Brisbane - North,31000,Brisbane (C)
301031014,Brisbane Port - Lytton,30103,Wynnum - Manly,301,Brisbane - East,31000,Brisbane (C)
301031021,Wynnum West - Hemmant,30103,Wynnum - Manly,301,Brisbane - East,31000,Brisbane (C)
305031125,Hendra,30503,Brisbane Inner - North,305,Brisbane Inner City,31000,Brisbane (C)
305031126,Kelvin Grove - Herston,30503,Brisbane Inner - North,305,Brisbane Inner City,31000,Brisbane (C)
305011107,Highgate Hill,30501,Brisbane Inner,305,Brisbane Inner City,31000,Brisbane (C)
303021056,Holland Park,30302,Holland Park - Yeronga,303,Brisbane - South,31000,Brisbane (C)
303021057,Holland Park West,30302,Holland Park - Yeronga,303,Brisbane - South,31000,Brisbane (C)
310011274,Inala - Richlands,31001,Forest Lake - Oxley,310,Ipswich,31000,Brisbane (C)
304031094,Indooroopilly,30403,Sherwood - Indooroopilly,304,Brisbane - West,31000,Brisbane (C)
304011082,Middle Park - Jamboree Heights,30401,Centenary,304,Brisbane - West,31000,Brisbane (C)
304011081,Jindalee - Mount Ommaney,30401,Centenary,304,Brisbane - West,31000,Brisbane (C)
305011108,Kangaroo Point,30501,Brisbane Inner,305,Brisbane Inner City,31000,Brisbane (C)
310021279,Lake Manchester - England Creek,31002,Ipswich Hinterland,310,Ipswich,31000,Brisbane (C)
310031290,Karana Downs,31003,Ipswich Inner,310,Ipswich,31000,Brisbane (C)
310031288,Ipswich - North,31003,Ipswich Inner,310,Ipswich,31000,Brisbane (C)
302021031,Kedron - Gordon Park,30202,Chermside,302,Brisbane - North,31000,Brisbane (C)
305031127,Newmarket,30503,Brisbane Inner - North,305,Brisbane Inner City,31000,Brisbane (C)
304021090,Kenmore,30402,Kenmore - Brookfield - Moggill,304,Brisbane - West,31000,Brisbane (C)
304041100,Keperra,30404,The Gap - Enoggera,304,Brisbane - West,31000,Brisbane (C)
303061077,Kuraby,30306,Sunnybank,303,Brisbane - South,31000,Brisbane (C)
301031015,Manly - Lota,30103,Wynnum - Manly,301,Brisbane - East,31000,Brisbane (C)
305031131,Wooloowin - Lutwyche,30503,Brisbane Inner - North,305,Brisbane Inner City,31000,Brisbane (C)
302011026,McDowall,30201,Bald Hills - Everton Park,302,Brisbane - North,31000,Brisbane (C)
303031061,Macgregor (Qld),30303,Mt Gravatt,303,Brisbane - South,31000,Brisbane (C)
301031016,Manly West,30103,Wynnum - Manly,301,Brisbane - East,31000,Brisbane (C)
303031062,Mansfield (Qld),30303,Mt Gravatt,303,Brisbane - South,31000,Brisbane (C)
305041135,Paddington - Milton,30504,Brisbane Inner - West,305,Brisbane Inner City,31000,Brisbane (C)
304041101,Mitchelton,30404,The Gap - Enoggera,304,Brisbane - West,31000,Brisbane (C)
303041068,Moorooka,30304,Nathan,303,Brisbane - South,31000,Brisbane (C)
303041071,Tarragindi,30304,Nathan,303,Brisbane - South,31000,Brisbane (C)
313051574,Moreton Island,31305,Redcliffe,313,Moreton Bay - North,31000,Brisbane (C)
305021118,Norman Park,30502,Brisbane Inner - East,305,Brisbane Inner City,31000,Brisbane (C)
303031063,Mount Gravatt,30303,Mt Gravatt,303,Brisbane - South,31000,Brisbane (C)
303041070,Salisbury - Nathan,30304,Nathan,303,Brisbane - South,31000,Brisbane (C)
305031129,Wilston,30503,Brisbane Inner - North,305,Brisbane Inner City,31000,Brisbane (C)
302031038,Northgate - Virginia,30203,Nundah,302,Brisbane - North,31000,Brisbane (C)
302031040,Nundah,30203,Nundah,302,Brisbane - North,31000,Brisbane (C)
310011275,Oxley (Qld),31001,Forest Lake - Oxley,310,Ipswich,31000,Brisbane (C)
303051074,Pallara - Willawong,30305,Rocklea - Acacia Ridge,303,Brisbane - South,31000,Brisbane (C)
303051075,Parkinson - Drewvale,30305,Rocklea - Acacia Ridge,303,Brisbane - South,31000,Brisbane (C)
302031036,Brisbane Airport,30203,Nundah,302,Brisbane - North,31000,Brisbane (C)
305041136,Red Hill (Qld),30504,Brisbane Inner - West,305,Brisbane Inner City,31000,Brisbane (C)
304011083,Riverhills,30401,Centenary,304,Brisbane - West,31000,Brisbane (C)
303041069,Robertson,30304,Nathan,303,Brisbane - South,31000,Brisbane (C)
303021059,Yeronga,30302,Holland Park - Yeronga,303,Brisbane - South,31000,Brisbane (C)
303061078,Runcorn,30306,Sunnybank,303,Brisbane - South,31000,Brisbane (C)
304031096,St Lucia,30403,Sherwood - Indooroopilly,304,Brisbane - West,31000,Brisbane (C)
302041044,Sandgate - Shorncliffe,30204,Sandgate,302,Brisbane - North,31000,Brisbane (C)
304011084,Seventeen Mile Rocks - Sinnamon Park,30401,Centenary,304,Brisbane - West,31000,Brisbane (C)
304031095,Sherwood,30403,Sherwood - Indooroopilly,304,Brisbane - West,31000,Brisbane (C)
305011110,South Brisbane,30501,Brisbane Inner,305,Brisbane Inner City,31000,Brisbane (C)
305011111,Spring Hill,30501,Brisbane Inner,305,Brisbane Inner City,31000,Brisbane (C)
302021032,Stafford,30202,Chermside,302,Brisbane - North,31000,Brisbane (C)
302021033,Stafford Heights,30202,Chermside,302,Brisbane - North,31000,Brisbane (C)
303061079,Sunnybank,30306,Sunnybank,303,Brisbane - South,31000,Brisbane (C)
303061080,Sunnybank Hills,30306,Sunnybank,303,Brisbane - South,31000,Brisbane (C)
302041045,Taigum - Fitzgibbon,30204,Sandgate,302,Brisbane - North,31000,Brisbane (C)
304031097,Taringa,30403,Sherwood - Indooroopilly,304,Brisbane - West,31000,Brisbane (C)
304041103,The Gap,30404,The Gap - Enoggera,304,Brisbane - West,31000,Brisbane (C)
301031018,Tingalpa,30103,Wynnum - Manly,301,Brisbane - East,31000,Brisbane (C)
305041137,Toowong,30504,Brisbane Inner - West,305,Brisbane Inner City,31000,Brisbane (C)
305041133,Auchenflower,30504,Brisbane Inner - West,305,Brisbane Inner City,31000,Brisbane (C)
303031065,Upper Mount Gravatt,30303,Mt Gravatt,303,Brisbane - South,31000,Brisbane (C)
310011276,Wacol,31001,Forest Lake - Oxley,310,Ipswich,31000,Brisbane (C)
301031019,Wakerley,30103,Wynnum - Manly,301,Brisbane - East,31000,Brisbane (C)
302021034,Wavell Heights,30202,Chermside,302,Brisbane - North,31000,Brisbane (C)
305011112,West End,30501,Brisbane Inner,305,Brisbane Inner City,31000,Brisbane (C)
304011085,Westlake,30401,Centenary,304,Brisbane - West,31000,Brisbane (C)
305031130,Windsor,30503,Brisbane Inner - North,305,Brisbane Inner City,31000,Brisbane (C)
303031066,Wishart,30303,Mt Gravatt,303,Brisbane - South,31000,Brisbane (C)
301031020,Wynnum,30103,Wynnum - Manly,301,Brisbane - East,31000,Brisbane (C)
302041046,Zillmere,30204,Sandgate,302,Brisbane - North,31000,Brisbane (C)
312011338,Broadsound - Nebo,31201,Bowen Basin - North,312,Mackay - Isaac - Whitsunday,33980,Isaac (R)
315031411,Far South West,31503,Outback - South,315,Queensland - Outback,31750,Bulloo (S)
319011495,Bundaberg,31901,Bundaberg,319,Wide Bay,31820,Bundaberg (R)
319011501,Svensson Heights - Norville,31901,Bundaberg,319,Wide Bay,31820,Bundaberg (R)
319011500,Millbank - Avoca,31901,Bundaberg,319,Wide Bay,31820,Bundaberg (R)
319011502,Walkervale - Avenell Heights,31901,Bundaberg,319,Wide Bay,31820,Bundaberg (R)
319011496,Bundaberg East - Kalkie,31901,Bundaberg,319,Wide Bay,31820,Bundaberg (R)
319011494,Branyan - Kensington,31901,Bundaberg,319,Wide Bay,31820,Bundaberg (R)
319011497,Bundaberg North - Gooburrum,31901,Bundaberg,319,Wide Bay,31820,Bundaberg (R)
319011492,Ashfield - Kepnock,31901,Bundaberg,319,Wide Bay,31820,Bundaberg (R)
318011461,Burdekin,31801,Charters Towers - Ayr - Ingham,318,Townsville,31900,Burdekin (S)
318011460,Ayr,31801,Charters Towers - Ayr - Ingham,318,Townsville,31900,Burdekin (S)
318021489,Townsville - South,31802,Townsville,318,Townsville,31900,Burdekin (S)
315021404,Carpentaria,31502,Outback - North,315,Queensland - Outback,31950,Burke (S)
319011493,Bargara - Burnett Heads,31901,Bundaberg,319,Wide Bay,31820,Bundaberg (R)
319011499,Bundaberg Surrounds - South,31901,Bundaberg,319,Wide Bay,31820,Bundaberg (R)
319011498,Bundaberg Surrounds - North,31901,Bundaberg,319,Wide Bay,31820,Bundaberg (R)
313011363,Bribie Island,31301,Bribie - Beachmere,313,Moreton Bay - North,35010,Moreton Bay (R)
316061441,Glass House Mountains,31606,Sunshine Coast Hinterland,316,Sunshine Coast,36720,Sunshine Coast (R)
313041375,Narangba,31304,Narangba - Burpengary,313,Moreton Bay - North,35010,Moreton Bay (R)
313041372,Burpengary,31304,Narangba - Burpengary,313,Moreton Bay - North,35010,Moreton Bay (R)
313041374,Morayfield,31304,Narangba - Burpengary,313,Moreton Bay - North,35010,Moreton Bay (R)
313021573,Caboolture - West,31302,Caboolture,313,Moreton Bay - North,35010,Moreton Bay (R)
313021572,Caboolture - East,31302,Caboolture,313,Moreton Bay - North,35010,Moreton Bay (R)
313011362,Beachmere - Sandstone Point,31301,Bribie - Beachmere,313,Moreton Bay - North,35010,Moreton Bay (R)
313021366,Caboolture - South,31302,Caboolture,313,Moreton Bay - North,35010,Moreton Bay (R)
313021364,Burpengary - East,31302,Caboolture,313,Moreton Bay - North,35010,Moreton Bay (R)
313031371,Woodford - D'Aguilar,31303,Caboolture Hinterland,313,Moreton Bay - North,35010,Moreton Bay (R)
313021369,Wamuran,31302,Caboolture,313,Moreton Bay - North,35010,Moreton Bay (R)
313021367,Elimbah,31302,Caboolture,313,Moreton Bay - North,35010,Moreton Bay (R)
313041376,Upper Caboolture,31304,Narangba - Burpengary,313,Moreton Bay - North,35010,Moreton Bay (R)
313041373,Deception Bay,31304,Narangba - Burpengary,313,Moreton Bay - North,35010,Moreton Bay (R)
313021368,Morayfield - East,31302,Caboolture,313,Moreton Bay - North,35010,Moreton Bay (R)
306011141,Redlynch,30601,Cairns - North,306,Cairns,32080,Cairns (R)
306011138,Brinsmead,30601,Cairns - North,306,Cairns,32080,Cairns (R)
306011143,Yorkeys Knob - Machans Beach,30601,Cairns - North,306,Cairns,32080,Cairns (R)
306011142,Trinity Beach - Smithfield,30601,Cairns - North,306,Cairns,32080,Cairns (R)
306021150,Lamb Range,30602,Cairns - South,306,Cairns,32080,Cairns (R)
306021149,Kanimbla - Mooroobool,30602,Cairns - South,306,Cairns,32080,Cairns (R)
306021152,Manunda,30602,Cairns - South,306,Cairns,32080,Cairns (R)
306021154,Westcourt - Bungalow,30602,Cairns - South,306,Cairns,32080,Cairns (R)
306021156,Whitfield - Edge Hill,30602,Cairns - South,306,Cairns,32080,Cairns (R)
306021151,Manoora,30602,Cairns - South,306,Cairns,32080,Cairns (R)
306021145,Cairns City,30602,Cairns - South,306,Cairns,32080,Cairns (R)
306011140,Freshwater - Stratford,30601,Cairns - North,306,Cairns,32080,Cairns (R)
306011139,Clifton Beach - Kewarra Beach,30601,Cairns - North,306,Cairns,32080,Cairns (R)
306021153,Mount Sheridan,30602,Cairns - South,306,Cairns,32080,Cairns (R)
306021144,Bentley Park,30602,Cairns - South,306,Cairns,32080,Cairns (R)
306021147,Edmonton,30602,Cairns - South,306,Cairns,32080,Cairns (R)
306021157,Woree,30602,Cairns - South,306,Cairns,32080,Cairns (R)
306021148,Gordonvale - Trinity,30602,Cairns - South,306,Cairns,32080,Cairns (R)
306021155,White Rock,30602,Cairns - South,306,Cairns,32080,Cairns (R)
306021146,Earlville - Bayview Heights,30602,Cairns - South,306,Cairns,32080,Cairns (R)
306031158,Babinda,30603,Innisfail - Cassowary Coast,306,Cairns,32080,Cairns (R)
308051531,Boyne Island - Tannum Sands,30805,Gladstone,308,Central Queensland,33360,Gladstone (R)
308051535,Gladstone Hinterland,30805,Gladstone,308,Central Queensland,33360,Gladstone (R)
316021417,Aroona - Currimundi,31602,Caloundra,316,Sunshine Coast,36720,Sunshine Coast (R)
316021422,Moffat Beach - Battery Hill,31602,Caloundra,316,Sunshine Coast,36720,Sunshine Coast (R)
316021419,Caloundra - Kings Beach,31602,Caloundra,316,Sunshine Coast,36720,Sunshine Coast (R)
316021581,Meridan Plains - Little Mountain (North),31602,Caloundra,316,Sunshine Coast,36720,Sunshine Coast (R)
316061439,Beerwah,31606,Sunshine Coast Hinterland,316,Sunshine Coast,36720,Sunshine Coast (R)
316021421,Golden Beach - Pelican Waters,31602,Caloundra,316,Sunshine Coast,36720,Sunshine Coast (R)
316021580,Caloundra West - Baringa,31602,Caloundra,316,Sunshine Coast,36720,Sunshine Coast (R)
316021418,Buddina - Minyama,31602,Caloundra,316,Sunshine Coast,36720,Sunshine Coast (R)
316021424,Wurtulla - Birtinya,31602,Caloundra,316,Sunshine Coast,36720,Sunshine Coast (R)
316021423,Parrearra - Warana,31602,Caloundra,316,Sunshine Coast,36720,Sunshine Coast (R)
316061442,Landsborough,31606,Sunshine Coast Hinterland,316,Sunshine Coast,36720,Sunshine Coast (R)
316061440,Caloundra Hinterland,31606,Sunshine Coast Hinterland,316,Sunshine Coast,36720,Sunshine Coast (R)
316061443,Maroochy Hinterland,31606,Sunshine Coast Hinterland,316,Sunshine Coast,36720,Sunshine Coast (R)
313011363,Bribie Island,31301,Bribie - Beachmere,313,Moreton Bay - North,36720,Sunshine Coast (R)
317011445,Cambooya - Wyreema,31701,Toowoomba,317,Toowoomba,36910,Toowoomba (R)
317011458,Toowoomba - West,31701,Toowoomba,317,Toowoomba,36910,Toowoomba (R)
307031184,Clifton - Greenmount,30703,Granite Belt,307,Darling Downs - Maranoa,36910,Toowoomba (R)
306031161,Tully,30603,Innisfail - Cassowary Coast,306,Cairns,32260,Cassowary Coast (R)
315021404,Carpentaria,31502,Outback - North,315,Queensland - Outback,32250,Carpentaria (S)
318011462,Charters Towers,31801,Charters Towers - Ayr - Ingham,318,Townsville,32310,Charters Towers (R)
319021506,Kingaroy Surrounds - North,31902,Burnett,319,Wide Bay,32330,Cherbourg (S)
307011172,Chinchilla,30701,Darling Downs (West) - Maranoa,307,Darling Downs - Maranoa,37310,Western Downs (R)
307011178,Tara,30701,Darling Downs (West) - Maranoa,307,Darling Downs - Maranoa,37310,Western Downs (R)
307031186,Southern Downs - West,30703,Granite Belt,307,Darling Downs - Maranoa,36910,Toowoomba (R)
315021406,Mount Isa Surrounds,31502,Outback - North,315,Queensland - Outback,32450,Cloncurry (S)
315011396,Cape York,31501,Far North,315,Queensland - Outback,32500,Cook (S)
315011396,Cape York,31501,Far North,315,Queensland - Outback,34570,Lockhart River (S)
315011396,Cape York,31501,Far North,315,Queensland - Outback,35670,Napranum (S)
315011403,Weipa,31501,Far North,315,Queensland - Outback,32500,Cook (S)
319031514,Gympie Surrounds,31903,Gympie - Cooloola,319,Wide Bay,33620,Gympie (R)
319031511,Cooloola,31903,Gympie - Cooloola,319,Wide Bay,33620,Gympie (R)
319031512,Gympie - North,31903,Gympie - Cooloola,319,Wide Bay,33620,Gympie (R)
319031513,Gympie - South,31903,Gympie - Cooloola,319,Wide Bay,33620,Gympie (R)
317011450,Highfields,31701,Toowoomba,317,Toowoomba,36910,Toowoomba (R)
307021179,Crows Nest - Rosalie,30702,Darling Downs - East,307,Darling Downs - Maranoa,36910,Toowoomba (R)
315011397,Croydon - Etheridge,31501,Far North,315,Queensland - Outback,32600,Croydon (S)
307021183,Wambo,30702,Darling Downs - East,307,Darling Downs - Maranoa,37310,Western Downs (R)
318011463,Dalrymple,31801,Charters Towers - Ayr - Ingham,318,Townsville,32310,Charters Towers (R)
315031410,Far Central West,31503,Outback - South,315,Queensland - Outback,32750,Diamantina (S)
315021404,Carpentaria,31502,Outback - North,315,Queensland - Outback,32770,Doomadgee (S)
306041164,Daintree,30604,Port Douglas - Daintree,306,Cairns,32810,Douglas (S)
306041165,Port Douglas,30604,Port Douglas - Daintree,306,Cairns,32810,Douglas (S)
308011190,Central Highlands - East,30801,Central Highlands (Qld),308,Central Queensland,32270,Central Highlands (R)
306031162,Wooroonooran,30603,Innisfail - Cassowary Coast,306,Cairns,36820,Tablelands (R)
319021508,Monto - Eidsvold,31902,Burnett,319,Wide Bay,35760,North Burnett (R)
308011192,Emerald,30801,Central Highlands (Qld),308,Central Queensland,32270,Central Highlands (R)
310021278,Esk,31002,Ipswich Hinterland,310,Ipswich,36580,Somerset (R)
310021281,Lowood,31002,Ipswich Hinterland,310,Ipswich,36580,Somerset (R)
313031370,Kilcoy,31303,Caboolture Hinterland,313,Moreton Bay - North,36580,Somerset (R)
310021280,Lockyer Valley - East,31002,Ipswich Hinterland,310,Ipswich,36580,Somerset (R)
315011397,Croydon - Etheridge,31501,Far North,315,Queensland - Outback,33100,Etheridge (S)
308031210,Gracemere,30803,Rockhampton,308,Central Queensland,36370,Rockhampton (R)
308031220,Rockhampton Surrounds - West,30803,Rockhampton,308,Central Queensland,36370,Rockhampton (R)
308031218,Rockhampton Surrounds - East,30803,Rockhampton,308,Central Queensland,34530,Livingstone (S)
308031206,Bouldercombe,30803,Rockhampton,308,Central Queensland,36370,Rockhampton (R)
308031217,Rockhampton City,30803,Rockhampton,308,Central Queensland,36370,Rockhampton (R)
315021407,Northern Highlands,31502,Outback - North,315,Queensland - Outback,33200,Flinders (S)
317011448,Gatton,31701,Toowoomba,317,Toowoomba,34580,Lockyer Valley (R)
317011451,Lockyer Valley - West,31701,Toowoomba,317,Toowoomba,34580,Lockyer Valley (R)
310021280,Lockyer Valley - East,31002,Ipswich Hinterland,310,Ipswich,34580,Lockyer Valley (R)
308051533,Clinton - New Auckland,30805,Gladstone,308,Central Queensland,33360,Gladstone (R)
308051532,Callemondah,30805,Gladstone,308,Central Queensland,33360,Gladstone (R)
308051534,Gladstone,30805,Gladstone,308,Central Queensland,33360,Gladstone (R)
308051539,West Gladstone,30805,Gladstone,308,Central Queensland,33360,Gladstone (R)
308051536,Kin Kora - Sun Valley,30805,Gladstone,308,Central Queensland,33360,Gladstone (R)
308051538,Telina - Toolooa,30805,Gladstone,308,Central Queensland,33360,Gladstone (R)
311021306,Beenleigh,31102,Beenleigh,311,Logan - Beaudesert,34590,Logan (C)
311051323,Bethania - Waterford,31105,Loganlea - Carbrook,311,Logan - Beaudesert,34590,Logan (C)
311021307,Eagleby,31102,Beenleigh,311,Logan - Beaudesert,34590,Logan (C)
311021308,Edens Landing - Holmview,31102,Beenleigh,311,Logan - Beaudesert,34590,Logan (C)
309071254,Jacobs Well - Alberton,30907,Ormeau - Oxenford,309,Gold Coast,33430,Gold Coast (C)
311021309,Mount Warren Park,31102,Beenleigh,311,Logan - Beaudesert,34590,Logan (C)
309071553,Ormeau (West) - Yatala,30907,Ormeau - Oxenford,309,Gold Coast,33430,Gold Coast (C)
309071552,Ormeau (East) - Stapylton,30907,Ormeau - Oxenford,309,Gold Coast,33430,Gold Coast (C)
311021310,Wolffdene - Bahrs Scrub,31102,Beenleigh,311,Logan - Beaudesert,34590,Logan (C)
309091263,Ashmore,30909,Southport,309,Gold Coast,33430,Gold Coast (C)
309101267,Benowa,30910,Surfers Paradise,309,Gold Coast,33430,Gold Coast (C)
309031238,Labrador,30903,Gold Coast - North,309,Gold Coast,33430,Gold Coast (C)
309031236,Biggera Waters,30903,Gold Coast - North,309,Gold Coast,33430,Gold Coast (C)
309021231,Currumbin - Tugun,30902,Coolangatta,309,Gold Coast,33430,Gold Coast (C)
309011227,Mermaid Beach - Broadbeach,30901,Broadbeach - Burleigh,309,Gold Coast,33430,Gold Coast (C)
309011224,Broadbeach Waters,30901,Broadbeach - Burleigh,309,Gold Coast,33430,Gold Coast (C)
309101268,Bundall,30910,Surfers Paradise,309,Gold Coast,33430,Gold Coast (C)
309101562,Surfers Paradise - South,30910,Surfers Paradise,309,Gold Coast,33430,Gold Coast (C)
309011225,Burleigh Heads,30901,Broadbeach - Burleigh,309,Gold Coast,33430,Gold Coast (C)
309011229,Miami,30901,Broadbeach - Burleigh,309,Gold Coast,33430,Gold Coast (C)
309011226,Burleigh Waters,30901,Broadbeach - Burleigh,309,Gold Coast,33430,Gold Coast (C)
309081260,Merrimac,30908,Robina,309,Gold Coast,33430,Gold Coast (C)
309061246,Carrara,30906,Nerang,309,Gold Coast,33430,Gold Coast (C)
309021230,Coolangatta,30902,Coolangatta,309,Gold Coast,33430,Gold Coast (C)
309031237,Coombabah,30903,Gold Coast - North,309,Gold Coast,33430,Gold Coast (C)
309051243,Currumbin Valley - Tallebudgera,30905,Mudgeeraba - Tallebudgera,309,Gold Coast,33430,Gold Coast (C)
309021232,Currumbin Waters,30902,Coolangatta,309,Gold Coast,33430,Gold Coast (C)
309021233,Elanora,30902,Coolangatta,309,Gold Coast,33430,Gold Coast (C)
309041241,Guanaba - Springbrook,30904,Gold Coast Hinterland,309,Gold Coast,33430,Gold Coast (C)
309071556,Upper Coomera (South) - Wongawallan,30907,Ormeau - Oxenford,309,Gold Coast,33430,Gold Coast (C)
309071252,Helensvale,30907,Ormeau - Oxenford,309,Gold Coast,33430,Gold Coast (C)
309071253,Hope Island,30907,Ormeau - Oxenford,309,Gold Coast,33430,Gold Coast (C)
309071557,Upper Coomera - North,30907,Ormeau - Oxenford,309,Gold Coast,33430,Gold Coast (C)
309071558,Willow Vale - Pimpama (West),30907,Ormeau - Oxenford,309,Gold Coast,33430,Gold Coast (C)
309031240,Runaway Bay,30903,Gold Coast - North,309,Gold Coast,33430,Gold Coast (C)
309101269,Main Beach,30910,Surfers Paradise,309,Gold Coast,33430,Gold Coast (C)
309011228,Mermaid Waters,30901,Broadbeach - Burleigh,309,Gold Coast,33430,Gold Coast (C)
309081259,Clear Island Waters,30908,Robina,309,Gold Coast,33430,Gold Coast (C)
309091264,Molendinar,30909,Southport,309,Gold Coast,33430,Gold Coast (C)
309051244,Mudgeeraba - Bonogin,30905,Mudgeeraba - Tallebudgera,309,Gold Coast,33430,Gold Coast (C)
309051245,Reedy Creek - Andrews,30905,Mudgeeraba - Tallebudgera,309,Gold Coast,33430,Gold Coast (C)
309081560,Robina - West,30908,Robina,309,Gold Coast,33430,Gold Coast (C)
309061248,Nerang - Mount Nathan,30906,Nerang,309,Gold Coast,33430,Gold Coast (C)
309061247,Highland Park,30906,Nerang,309,Gold Coast,33430,Gold Coast (C)
309071256,Oxenford - Maudsland,30907,Ormeau - Oxenford,309,Gold Coast,33430,Gold Coast (C)
309061249,Pacific Pines - Gaven,30906,Nerang,309,Gold Coast,33430,Gold Coast (C)
309021234,Palm Beach,30902,Coolangatta,309,Gold Coast,33430,Gold Coast (C)
309031239,Paradise Point - Hollywell,30903,Gold Coast - North,309,Gold Coast,33430,Gold Coast (C)
309091265,Parkwood,30909,Southport,309,Gold Coast,33430,Gold Coast (C)
309031235,Arundel,30903,Gold Coast - North,309,Gold Coast,33430,Gold Coast (C)
309071554,Pimpama - North,30907,Ormeau - Oxenford,309,Gold Coast,33430,Gold Coast (C)
309071251,Coomera,30907,Ormeau - Oxenford,309,Gold Coast,33430,Gold Coast (C)
309071555,Pimpama - South,30907,Ormeau - Oxenford,309,Gold Coast,33430,Gold Coast (C)
309081559,Robina - East,30908,Robina,309,Gold Coast,33430,Gold Coast (C)
309091540,Southport - North,30909,Southport,309,Gold Coast,33430,Gold Coast (C)
309091541,Southport - South,30909,Southport,309,Gold Coast,33430,Gold Coast (C)
309101561,Surfers Paradise - North,30910,Surfers Paradise,309,Gold Coast,33430,Gold Coast (C)
309081262,Varsity Lakes,30908,Robina,309,Gold Coast,33430,Gold Coast (C)
309061250,Worongary - Tallai,30906,Nerang,309,Gold Coast,33430,Gold Coast (C)
307011173,Goondiwindi,30701,Darling Downs (West) - Maranoa,307,Darling Downs - Maranoa,33610,Goondiwindi (R)
306051167,Herberton,30605,Tablelands (East) - Kuranda,306,Cairns,36820,Tablelands (R)
319041516,Booral - River Heads,31904,Hervey Bay,319,Wide Bay,33220,Fraser Coast (R)
319051522,Burrum - Fraser,31905,Maryborough,319,Wide Bay,33220,Fraser Coast (R)
319041517,Craignish - Dundowran Beach,31904,Hervey Bay,319,Wide Bay,33220,Fraser Coast (R)
319041519,Point Vernon,31904,Hervey Bay,319,Wide Bay,33220,Fraser Coast (R)
319041518,Pialba - Eli Waters,31904,Hervey Bay,319,Wide Bay,33220,Fraser Coast (R)
319041520,Torquay - Scarness - Kawungan,31904,Hervey Bay,319,Wide Bay,33220,Fraser Coast (R)
319041521,Urangan - Wondunna,31904,Hervey Bay,319,Wide Bay,33220,Fraser Coast (R)
318011465,Ingham Surrounds,31801,Charters Towers - Ayr - Ingham,318,Townsville,33800,Hinchinbrook (S)
318011464,Ingham,31801,Charters Towers - Ayr - Ingham,318,Townsville,33800,Hinchinbrook (S)
315011396,Cape York,31501,Far North,315,Queensland - Outback,33830,Hope Vale (S)
315031412,Longreach,31503,Outback - South,315,Queensland - Outback,34710,Longreach (R)
307011174,Inglewood - Waggamba,30701,Darling Downs (West) - Maranoa,307,Darling Downs - Maranoa,33610,Goondiwindi (R)
310031291,Leichhardt - One Mile,31003,Ipswich Inner,310,Ipswich,33960,Ipswich (C)
310031283,Brassall,31003,Ipswich Inner,310,Ipswich,33960,Ipswich (C)
310031286,Ipswich - Central,31003,Ipswich Inner,310,Ipswich,33960,Ipswich (C)
310031285,Churchill - Yamanto,31003,Ipswich Inner,310,Ipswich,33960,Ipswich (C)
310031292,North Ipswich - Tivoli,31003,Ipswich Inner,310,Ipswich,33960,Ipswich (C)
310031293,Raceview,31003,Ipswich Inner,310,Ipswich,33960,Ipswich (C)
310031287,Ipswich - East,31003,Ipswich Inner,310,Ipswich,33960,Ipswich (C)
310031294,Ripley,31003,Ipswich Inner,310,Ipswich,33960,Ipswich (C)
310031284,Bundamba,31003,Ipswich Inner,310,Ipswich,33960,Ipswich (C)
310031295,Riverview,31003,Ipswich Inner,310,Ipswich,33960,Ipswich (C)
310021282,Rosewood,31002,Ipswich Hinterland,310,Ipswich,33960,Ipswich (C)
310041297,Camira - Gailes,31004,Springfield - Redbank,310,Ipswich,33960,Ipswich (C)
310041566,Bellbird Park,31004,Springfield - Redbank,310,Ipswich,33960,Ipswich (C)
310041300,Goodna,31004,Springfield - Redbank,310,Ipswich,33960,Ipswich (C)
310041302,Redbank Plains,31004,Springfield - Redbank,310,Ipswich,33960,Ipswich (C)
310041299,Collingwood Park - Redbank,31004,Springfield - Redbank,310,Ipswich,33960,Ipswich (C)
310041304,Springfield Lakes,31004,Springfield - Redbank,310,Ipswich,33960,Ipswich (C)
310041303,Springfield,31004,Springfield - Redbank,310,Ipswich,33960,Ipswich (C)
310041298,Carole Park,31004,Springfield - Redbank,310,Ipswich,33960,Ipswich (C)
310041301,New Chum,31004,Springfield - Redbank,310,Ipswich,33960,Ipswich (C)
310041565,Augustine Heights - Brookwater,31004,Springfield - Redbank,310,Ipswich,33960,Ipswich (C)
310031288,Ipswich - North,31003,Ipswich Inner,310,Ipswich,33960,Ipswich (C)
310031289,Karalee - Barellan Point,31003,Ipswich Inner,310,Ipswich,33960,Ipswich (C)
310021277,Boonah,31002,Ipswich Hinterland,310,Ipswich,33960,Ipswich (C)
306031159,Innisfail,30603,Innisfail - Cassowary Coast,306,Cairns,32260,Cassowary Coast (R)
306031160,Johnstone,30603,Innisfail - Cassowary Coast,306,Cairns,32260,Cassowary Coast (R)
306031158,Babinda,30603,Innisfail - Cassowary Coast,306,Cairns,32260,Cassowary Coast (R)
306031162,Wooroonooran,30603,Innisfail - Cassowary Coast,306,Cairns,32260,Cassowary Coast (R)
307021180,Jondaryan,30702,Darling Downs - East,307,Darling Downs - Maranoa,36910,Toowoomba (R)
307021182,Pittsworth,30702,Darling Downs - East,307,Darling Downs - Maranoa,36910,Toowoomba (R)
307021183,Wambo,30702,Darling Downs - East,307,Darling Downs - Maranoa,36910,Toowoomba (R)
319031515,Kilkivan,31903,Gympie - Cooloola,319,Wide Bay,33620,Gympie (R)
319021506,Kingaroy Surrounds - North,31902,Burnett,319,Wide Bay,33620,Gympie (R)
319021507,Kingaroy Surrounds - South,31902,Burnett,319,Wide Bay,36630,South Burnett (R)
319021505,Kingaroy,31902,Burnett,319,Wide Bay,36630,South Burnett (R)
319021506,Kingaroy Surrounds - North,31902,Burnett,319,Wide Bay,36630,South Burnett (R)
319021504,Gin Gin,31902,Burnett,319,Wide Bay,31820,Bundaberg (R)
319021510,North Burnett,31902,Burnett,319,Wide Bay,31820,Bundaberg (R)
315011398,Kowanyama - Pormpuraaw,31501,Far North,315,Queensland - Outback,34420,Kowanyama (S)
308031209,Glenlee - Rockyview,30803,Rockhampton,308,Central Queensland,34530,Livingstone (S)
308031223,Yeppoon,30803,Rockhampton,308,Central Queensland,34530,Livingstone (S)
308031207,Emu Park,30803,Rockhampton,308,Central Queensland,34530,Livingstone (S)
308031221,Shoalwater Bay,30803,Rockhampton,308,Central Queensland,34530,Livingstone (S)
308031219,Rockhampton Surrounds - North,30803,Rockhampton,308,Central Queensland,34530,Livingstone (S)
311031316,Hillcrest,31103,Browns Plains,311,Logan - Beaudesert,34590,Logan (C)
311031319,Regents Park - Heritage Park,31103,Browns Plains,311,Logan - Beaudesert,34590,Logan (C)
311031312,Browns Plains,31103,Browns Plains,311,Logan - Beaudesert,34590,Logan (C)
311031315,Greenbank Military Camp,31103,Browns Plains,311,Logan - Beaudesert,34590,Logan (C)
311031311,Boronia Heights - Park Ridge,31103,Browns Plains,311,Logan - Beaudesert,34590,Logan (C)
311051324,Cornubia - Carbrook,31105,Loganlea - Carbrook,311,Logan - Beaudesert,34590,Logan (C)
311061329,Daisy Hill,31106,Springwood - Kingston,311,Logan - Beaudesert,34590,Logan (C)
311061332,Rochedale South - Priestdale,31106,Springwood - Kingston,311,Logan - Beaudesert,34590,Logan (C)
311061330,Kingston (Qld),31106,Springwood - Kingston,311,Logan - Beaudesert,34590,Logan (C)
311061333,Slacks Creek,31106,Springwood - Kingston,311,Logan - Beaudesert,34590,Logan (C)
311061331,Logan Central,31106,Springwood - Kingston,311,Logan - Beaudesert,34590,Logan (C)
311051325,Loganholme - Tanah Merah,31105,Loganlea - Carbrook,311,Logan - Beaudesert,34590,Logan (C)
311051326,Loganlea,31105,Loganlea - Carbrook,311,Logan - Beaudesert,34590,Logan (C)
311031314,Crestmead,31103,Browns Plains,311,Logan - Beaudesert,34590,Logan (C)
311031317,Marsden,31103,Browns Plains,311,Logan - Beaudesert,34590,Logan (C)
311051327,Shailer Park,31105,Loganlea - Carbrook,311,Logan - Beaudesert,34590,Logan (C)
311061334,Springwood,31106,Springwood - Kingston,311,Logan - Beaudesert,34590,Logan (C)
311061335,Underwood,31106,Springwood - Kingston,311,Logan - Beaudesert,34590,Logan (C)
311051328,Waterford West,31105,Loganlea - Carbrook,311,Logan - Beaudesert,34590,Logan (C)
311061336,Woodridge,31106,Springwood - Kingston,311,Logan - Beaudesert,34590,Logan (C)
312021348,Mount Pleasant - Glenella,31202,Mackay,312,Mackay - Isaac - Whitsunday,34770,Mackay (R)
312021350,Ooralea - Bakers Creek,31202,Mackay,312,Mackay - Isaac - Whitsunday,34770,Mackay (R)
312021344,Eimeo - Rural View,31202,Mackay,312,Mackay - Isaac - Whitsunday,34770,Mackay (R)
312021358,West Mackay,31202,Mackay,312,Mackay - Isaac - Whitsunday,34770,Mackay (R)
312021354,Shoal Point - Bucasia,31202,Mackay,312,Mackay - Isaac - Whitsunday,34770,Mackay (R)
312021342,Andergrove - Beaconsfield,31202,Mackay,312,Mackay - Isaac - Whitsunday,34770,Mackay (R)
312021349,North Mackay,31202,Mackay,312,Mackay - Isaac - Whitsunday,34770,Mackay (R)
312021356,South Mackay,31202,Mackay,312,Mackay - Isaac - Whitsunday,34770,Mackay (R)
312021343,East Mackay,31202,Mackay,312,Mackay - Isaac - Whitsunday,34770,Mackay (R)
312021346,Mackay,31202,Mackay,312,Mackay - Isaac - Whitsunday,34770,Mackay (R)
312021355,Slade Point,31202,Mackay,312,Mackay - Isaac - Whitsunday,34770,Mackay (R)
312021357,Walkerston - Eton,31202,Mackay,312,Mackay - Isaac - Whitsunday,34770,Mackay (R)
312021353,Seaforth - Calen,31202,Mackay,312,Mackay - Isaac - Whitsunday,34770,Mackay (R)
315021407,Northern Highlands,31502,Outback - North,315,Queensland - Outback,34800,McKinlay (S)
315011396,Cape York,31501,Far North,315,Queensland - Outback,34830,Mapoon (S)
315011400,Tablelands,31501,Far North,315,Queensland - Outback,34880,Mareeba (S)
306051168,Kuranda,30605,Tablelands (East) - Kuranda,306,Cairns,34880,Mareeba (S)
306051170,Mareeba,30605,Tablelands (East) - Kuranda,306,Cairns,34880,Mareeba (S)
316011414,Buderim - South,31601,Buderim,316,Sunshine Coast,36720,Sunshine Coast (R)
316011415,Mountain Creek,31601,Buderim,316,Sunshine Coast,36720,Sunshine Coast (R)
316011413,Buderim - North,31601,Buderim,316,Sunshine Coast,36720,Sunshine Coast (R)
316011416,Sippy Downs,31601,Buderim,316,Sunshine Coast,36720,Sunshine Coast (R)
316031426,Marcoola - Mudjimba,31603,Maroochy,316,Sunshine Coast,36720,Sunshine Coast (R)
316031425,Coolum Beach,31603,Maroochy,316,Sunshine Coast,36720,Sunshine Coast (R)
316051543,Peregian Beach - Marcus Beach,31605,Noosa,316,Sunshine Coast,35740,Noosa (S)
316051544,Peregian Springs,31605,Noosa,316,Sunshine Coast,36720,Sunshine Coast (R)
316031427,Maroochydore - Kuluin,31603,Maroochy,316,Sunshine Coast,36720,Sunshine Coast (R)
316031428,Mooloolaba - Alexandra Headland,31603,Maroochy,316,Sunshine Coast,36720,Sunshine Coast (R)
316071548,Nambour,31607,Nambour,316,Sunshine Coast,36720,Sunshine Coast (R)
316071546,Diddillibah - Rosemount,31607,Nambour,316,Sunshine Coast,36720,Sunshine Coast (R)
316071545,Bli Bli,31607,Nambour,316,Sunshine Coast,36720,Sunshine Coast (R)
316061444,Palmwoods,31606,Sunshine Coast Hinterland,316,Sunshine Coast,36720,Sunshine Coast (R)
316071547,Eumundi - Yandina,31607,Nambour,316,Sunshine Coast,36720,Sunshine Coast (R)
316081549,Noosa Hinterland,31608,Noosa Hinterland,316,Sunshine Coast,36720,Sunshine Coast (R)
319051524,Maryborough (Qld),31905,Maryborough,319,Wide Bay,33220,Fraser Coast (R)
319051526,Tinana,31905,Maryborough,319,Wide Bay,33220,Fraser Coast (R)
319051523,Granville,31905,Maryborough,319,Wide Bay,33220,Fraser Coast (R)
319051525,Maryborough Surrounds - South,31905,Maryborough,319,Wide Bay,33220,Fraser Coast (R)
307021181,Millmerran,30702,Darling Downs - East,307,Darling Downs - Maranoa,36910,Toowoomba (R)
312021351,Pioneer Valley,31202,Mackay,312,Mackay - Isaac - Whitsunday,34770,Mackay (R)
312021345,Eungella Hinterland,31202,Mackay,312,Mackay - Isaac - Whitsunday,34770,Mackay (R)
308051530,Agnes Water - Miriam Vale,30805,Gladstone,308,Central Queensland,33360,Gladstone (R)
315021404,Carpentaria,31502,Outback - North,315,Queensland - Outback,35250,Mornington (S)
315021406,Mount Isa Surrounds,31502,Outback - North,315,Queensland - Outback,35300,Mount Isa (C)
315021405,Mount Isa,31502,Outback - North,315,Queensland - Outback,35300,Mount Isa (C)
315021404,Carpentaria,31502,Outback - North,315,Queensland - Outback,35300,Mount Isa (C)
308031212,Mount Morgan,30803,Rockhampton,308,Central Queensland,36370,Rockhampton (R)
307011175,Miles - Wandoan,30701,Darling Downs (West) - Maranoa,307,Darling Downs - Maranoa,37310,Western Downs (R)
315031409,Charleville,31503,Outback - South,315,Queensland - Outback,35600,Murweh (S)
319021509,Nanango,31902,Burnett,319,Wide Bay,36630,South Burnett (R)
316051435,Noosaville,31605,Noosa,316,Sunshine Coast,35740,Noosa (S)
316051434,Noosa Heads,31605,Noosa,316,Sunshine Coast,35740,Noosa (S)
316051437,Sunshine Beach,31605,Noosa,316,Sunshine Coast,35740,Noosa (S)
316051438,Tewantin,31605,Noosa,316,Sunshine Coast,35740,Noosa (S)
316081549,Noosa Hinterland,31608,Noosa Hinterland,316,Sunshine Coast,35740,Noosa (S)
318011466,Palm Island,31801,Charters Towers - Ayr - Ingham,318,Townsville,35790,Palm Island (S)
315031411,Far South West,31503,Outback - South,315,Queensland - Outback,35800,Paroo (S)
314011382,Albany Creek,31401,The Hills District,314,Moreton Bay - South,35010,Moreton Bay (R)
314031391,Bray Park,31403,Strathpine,314,Moreton Bay - South,35010,Moreton Bay (R)
314011385,Eatons Hill,31401,The Hills District,314,Moreton Bay - South,35010,Moreton Bay (R)
314011383,Cashmere,31401,The Hills District,314,Moreton Bay - South,35010,Moreton Bay (R)
314021577,Kallangur,31402,North Lakes,314,Moreton Bay - South,35010,Moreton Bay (R)
314021389,Murrumba Downs - Griffin,31402,North Lakes,314,Moreton Bay - South,35010,Moreton Bay (R)
314021576,Dakabin,31402,North Lakes,314,Moreton Bay - South,35010,Moreton Bay (R)
314021579,North Lakes,31402,North Lakes,314,Moreton Bay - South,35010,Moreton Bay (R)
314021578,Mango Hill,31402,North Lakes,314,Moreton Bay - South,35010,Moreton Bay (R)
314011386,The Hills District,31401,The Hills District,314,Moreton Bay - South,35010,Moreton Bay (R)
304041101,Mitchelton,30404,The Gap - Enoggera,304,Brisbane - West,35010,Moreton Bay (R)
314031392,Lawnton,31403,Strathpine,314,Moreton Bay - South,35010,Moreton Bay (R)
314031393,Petrie,31403,Strathpine,314,Moreton Bay - South,35010,Moreton Bay (R)
314031394,Strathpine - Brendale,31403,Strathpine,314,Moreton Bay - South,35010,Moreton Bay (R)
314011384,Dayboro,31401,The Hills District,314,Moreton Bay - South,35010,Moreton Bay (R)
314011387,Samford Valley,31401,The Hills District,314,Moreton Bay - South,35010,Moreton Bay (R)
315011398,Kowanyama - Pormpuraaw,31501,Far North,315,Queensland - Outback,36070,Pormpuraaw (S)
315031411,Far South West,31503,Outback - South,315,Queensland - Outback,36150,Quilpie (S)
313051377,Clontarf,31305,Redcliffe,313,Moreton Bay - North,35010,Moreton Bay (R)
313051378,Margate - Woody Point,31305,Redcliffe,313,Moreton Bay - North,35010,Moreton Bay (R)
313051379,Redcliffe,31305,Redcliffe,313,Moreton Bay - North,35010,Moreton Bay (R)
313051575,Scarborough - Newport,31305,Redcliffe,313,Moreton Bay - North,35010,Moreton Bay (R)
313051380,Rothwell - Kippa-Ring,31305,Redcliffe,313,Moreton Bay - North,35010,Moreton Bay (R)
301011001,Alexandra Hills,30101,Capalaba,301,Brisbane - East,36250,Redland (C)
301011003,Birkdale,30101,Capalaba,301,Brisbane - East,36250,Redland (C)
301011004,Capalaba,30101,Capalaba,301,Brisbane - East,36250,Redland (C)
301021007,Cleveland,30102,Cleveland - Stradbroke,301,Brisbane - East,36250,Redland (C)
301021008,Ormiston,30102,Cleveland - Stradbroke,301,Brisbane - East,36250,Redland (C)
301021009,Redland Bay,30102,Cleveland - Stradbroke,301,Brisbane - East,36250,Redland (C)
301021011,Sheldon - Mount Cotton,30102,Cleveland - Stradbroke,301,Brisbane - East,36250,Redland (C)
301011005,Thorneside,30101,Capalaba,301,Brisbane - East,36250,Redland (C)
301021012,Thornlands,30102,Cleveland - Stradbroke,301,Brisbane - East,36250,Redland (C)
301021013,Victoria Point,30102,Cleveland - Stradbroke,301,Brisbane - East,36250,Redland (C)
301011006,Wellington Point,30101,Capalaba,301,Brisbane - East,36250,Redland (C)
301021551,Southern Moreton Bay Islands,30102,Cleveland - Stradbroke,301,Brisbane - East,36250,Redland (C)
301021550,North Stradbroke Island,30102,Cleveland - Stradbroke,301,Brisbane - East,36250,Redland (C)
315021407,Northern Highlands,31502,Outback - North,315,Queensland - Outback,36300,Richmond (S)
308031216,Rockhampton - West,30803,Rockhampton,308,Central Queensland,36370,Rockhampton (R)
308031222,The Range - Allenstown,30803,Rockhampton,308,Central Queensland,36370,Rockhampton (R)
308031214,Park Avenue,30803,Rockhampton,308,Central Queensland,36370,Rockhampton (R)
308031215,Parkhurst - Kawana,30803,Rockhampton,308,Central Queensland,36370,Rockhampton (R)
308031211,Lakes Creek,30803,Rockhampton,308,Central Queensland,36370,Rockhampton (R)
308031205,Berserker,30803,Rockhampton,308,Central Queensland,36370,Rockhampton (R)
308031213,Norman Gardens,30803,Rockhampton,308,Central Queensland,36370,Rockhampton (R)
308031208,Frenchville - Mount Archer,30803,Rockhampton,308,Central Queensland,36370,Rockhampton (R)
307011176,Roma,30701,Darling Downs (West) - Maranoa,307,Darling Downs - Maranoa,34860,Maranoa (R)
317011449,Gowrie (Qld),31701,Toowoomba,317,Toowoomba,36910,Toowoomba (R)
312021352,Sarina,31202,Mackay,312,Mackay - Isaac - Whitsunday,34770,Mackay (R)
307031188,Stanthorpe Surrounds,30703,Granite Belt,307,Darling Downs - Maranoa,36660,Southern Downs (R)
307031187,Stanthorpe,30703,Granite Belt,307,Darling Downs - Maranoa,36660,Southern Downs (R)
307011175,Miles - Wandoan,30701,Darling Downs (West) - Maranoa,307,Darling Downs - Maranoa,34860,Maranoa (R)
308041528,Banana,30804,Biloela,308,Central Queensland,37310,Western Downs (R)
318021480,Kelso,31802,Townsville,318,Townsville,37010,Townsville (C)
318021482,Kirwan - West,31802,Townsville,318,Townsville,37010,Townsville (C)
318021481,Kirwan - East,31802,Townsville,318,Townsville,37010,Townsville (C)
318021583,Deeragun - Jensen,31802,Townsville,318,Townsville,37010,Townsville (C)
318021471,Condon - Rasmussen,31802,Townsville,318,Townsville,37010,Townsville (C)
318021582,Burdell - Mount Low,31802,Townsville,318,Townsville,37010,Townsville (C)
318021470,Bohle Plains,31802,Townsville,318,Townsville,37010,Townsville (C)
318021486,Northern Beaches,31802,Townsville,318,Townsville,37010,Townsville (C)
319051525,Maryborough Surrounds - South,31905,Maryborough,319,Wide Bay,33620,Gympie (R)
319031511,Cooloola,31903,Gympie - Cooloola,319,Wide Bay,33220,Fraser Coast (R)
319031514,Gympie Surrounds,31903,Gympie - Cooloola,319,Wide Bay,33220,Fraser Coast (R)
317011456,Toowoomba - Central,31701,Toowoomba,317,Toowoomba,36910,Toowoomba (R)
317011457,Toowoomba - East,31701,Toowoomba,317,Toowoomba,36910,Toowoomba (R)
317011459,Wilsonton,31701,Toowoomba,317,Toowoomba,36910,Toowoomba (R)
317011454,North Toowoomba - Harlaxton,31701,Toowoomba,317,Toowoomba,36910,Toowoomba (R)
317011453,Newtown (Qld),31701,Toowoomba,317,Toowoomba,36910,Toowoomba (R)
317011446,Darling Heights,31701,Toowoomba,317,Toowoomba,36910,Toowoomba (R)
317011452,Middle Ridge,31701,Toowoomba,317,Toowoomba,36910,Toowoomba (R)
317011455,Rangeville,31701,Toowoomba,317,Toowoomba,36910,Toowoomba (R)
317011447,Drayton - Harristown,31701,Toowoomba,317,Toowoomba,36910,Toowoomba (R)
318021467,Aitkenvale,31802,Townsville,318,Townsville,37010,Townsville (C)
318021490,Townsville City - North Ward,31802,Townsville,318,Townsville,37010,Townsville (C)
318021475,Garbutt - West End,31802,Townsville,318,Townsville,37010,Townsville (C)
318021472,Cranbrook,31802,Townsville,318,Townsville,37010,Townsville (C)
318021476,Gulliver - Currajong - Vincent,31802,Townsville,318,Townsville,37010,Townsville (C)
318021474,Douglas,31802,Townsville,318,Townsville,37010,Townsville (C)
318021477,Heatley,31802,Townsville,318,Townsville,37010,Townsville (C)
318021478,Hermit Park - Rosslea,31802,Townsville,318,Townsville,37010,Townsville (C)
318021479,Hyde Park - Pimlico,31802,Townsville,318,Townsville,37010,Townsville (C)
318021483,Magnetic Island,31802,Townsville,318,Townsville,37010,Townsville (C)
318021484,Mount Louisa,31802,Townsville,318,Townsville,37010,Townsville (C)
318021485,Mundingburra,31802,Townsville,318,Townsville,37010,Townsville (C)
318021468,Annandale (Qld),31802,Townsville,318,Townsville,37010,Townsville (C)
318021487,Oonoonba,31802,Townsville,318,Townsville,37010,Townsville (C)
318021469,Belgian Gardens - Pallarenda,31802,Townsville,318,Townsville,37010,Townsville (C)
318021488,South Townsville - Railway Estate,31802,Townsville,318,Townsville,37010,Townsville (C)
318021491,Wulguru - Roseneath,31802,Townsville,318,Townsville,37010,Townsville (C)
307011178,Tara,30701,Darling Downs (West) - Maranoa,307,Darling Downs - Maranoa,33610,Goondiwindi (R)
307021180,Jondaryan,30702,Darling Downs - East,307,Darling Downs - Maranoa,37310,Western Downs (R)
307031189,Warwick,30703,Granite Belt,307,Darling Downs - Maranoa,36660,Southern Downs (R)
307031185,Southern Downs - East,30703,Granite Belt,307,Darling Downs - Maranoa,36660,Southern Downs (R)
307031186,Southern Downs - West,30703,Granite Belt,307,Darling Downs - Maranoa,36660,Southern Downs (R)
307031184,Clifton - Greenmount,30703,Granite Belt,307,Darling Downs - Maranoa,36660,Southern Downs (R)
315011403,Weipa,31501,Far North,315,Queensland - Outback,37300,Weipa (T)
315011396,Cape York,31501,Far North,315,Queensland - Outback,37300,Weipa (T)
312031359,Airlie - Whitsundays,31203,Whitsunday,312,Mackay - Isaac - Whitsunday,37340,Whitsunday (R)
312031361,Proserpine,31203,Whitsunday,312,Mackay - Isaac - Whitsunday,37340,Whitsunday (R)
312031360,Cape Conway,31203,Whitsunday,312,Mackay - Isaac - Whitsunday,37340,Whitsunday (R)
308051537,South Trees,30805,Gladstone,308,Central Queensland,33360,Gladstone (R)
315031410,Far Central West,31503,Outback - South,315,Queensland - Outback,37400,Winton (S)
306031162,Wooroonooran,30603,Innisfail - Cassowary Coast,306,Cairns,32080,Cairns (R)
306051167,Herberton,30605,Tablelands (East) - Kuranda,306,Cairns,34880,Mareeba (S)
312021347,Mackay Harbour,31202,Mackay,312,Mackay - Isaac - Whitsunday,34770,Mackay (R)
306031163,Yarrabah,30603,Innisfail - Cassowary Coast,306,Cairns,37600,Yarrabah (S)
315011396,Cape York,31501,Far North,315,Queensland - Outback,32810,Douglas (S)
315011396,Cape York,31501,Far North,315,Queensland - Outback,37570,Wujal Wujal (S)
304041102,Mount Coot-tha,30404,The Gap - Enoggera,304,Brisbane - West,31000,Brisbane (C)
308011190,Central Highlands - East,30801,Central Highlands (Qld),308,Central Queensland,37550,Woorabinda (S)
